Apertura,Cantidad_Nominal_Compra,Cantidad_Nominal_Venta,Cantidad_Operaciones,Cierre_Anterior,Denominacion,Estado,Ex,Hora_Cotizacion,Maximo,Minimo,Monto_Operado_Pesos,Precio_Compra,Precio_Promedio,Precio_Promedio_Ponderado,Precio_Venta,Simbolo,Tendencia,Tipo_Liquidacion,Ultimo,Variacion,Vencimiento,Volumen_Nominal
1910.5,1,2,120,1869.5,BANCO COMAFI S.A.,,No,17:00:02,1974.0,1909.5,8167640,1694.0,1936.4167,1945.996,2357.0,AAL,1,Pesos,1973.0,5.54,48hs,4224
6.68,2,10,5,6.24,,,No,17:00:02,6.68,6.55,279,6.1,6.642,6.6242,6.73,AALD,1,Du00f3lar efectivo,6.63,6.25,48hs,42
4250.0,9,5,838,4241.0,BANCO COMAFI S.A.,,No,17:00:01,4329.5,4241.0,342775518,4241.0,4271.1026,4269.2957,4305.0,AAPL,-1,Pesos,4259.0,0.42,48hs,80302
14.95,8,30,78,14.7,,,No,17:00:02,15.0,14.45,56789,14.3,14.6686,14.6525,17.0,AAPLD,-1,Du00f3lar efectivo,14.5,-1.36,48hs,3883
4378.0,1,1,53,4322.5,BANCO COMAFI S.A.,,No,17:00:02,4422.0,4301.0,6418389,4100.0,4341.4151,4333.1113,4414.0,ABBV,-1,Pesos,4317.5,-0.12,48hs,1480
0.0,7,7,,0.0,,,No,,0.0,0.0,0,14.05,0.0,0.0,15.0,ABBVD,0,Du00f3lar efectivo,0.0,0.0,48hs,0
2562.5,1498,1,5,2555.0,BANCO COMAFI S.A.,,No,17:00:02,2571.0,2546.0,324818,2515.0,2557.5,2557.7454,3000.0,ABEV,1,Pesos,2571.0,0.63,48hs,127
2188.0,1,130,71,2187.5,Caja de Valores S.A.,,No,17:00:02,2316.5,2187.5,3235124,2000.0,2276.3873,2290.8127,2323.0,ABNB,1,Pesos,2299.5,5.12,48hs,1435
0.0,1335,9,,0.0,,,No,,0.0,0.0,0,7.78,0.0,0.0,8.1,ABNBD,0,Du00f3lar efectivo,0.0,0.0,48hs,0
7737.5,1,17,29,7802.0,BANCO COMAFI S.A.,,No,17:00:01,7752.0,7697.0,2839527,7000.0,7727.9828,7719.6972,8000.0,ABT,1,Pesos,7736.5,-0.84,48hs,368
0.0,3,3,,0.0,,,No,,0.0,0.0,0,25.05,0.0,0.0,40.0,ABTD,0,Du00f3lar efectivo,0.0,0.0,48hs,0
2126.0,1,4,6,2205.5,,,No,17:00:02,2130.0,2126.0,72408,2126.0,2128.6667,2129.8261,2500.0,ACHHY,0,Pesos,2130.0,-3.42,48hs,34
3964.0,2,4,80,3945.0,BANCO COMAFI S.A.,,No,17:00:02,4048.5,3964.0,4228304,3450.0,4004.925,4013.7123,4070.0,ADBE,1,Pesos,4004.0,1.5,48hs,1059
13.65,5,5,1,14.5,,,No,17:00:02,13.65,13.65,27,13.4,13.65,13.65,15.9,ADBED,0,Du00f3lar efectivo,13.65,-5.86,48hs,2
5040.0,1,2,23,5108.0,BANCO COMAFI S.A.,,No,17:00:02,5100.0,4973.5,623676,5038.0,5029.6739,5038.9852,5400.0,ADGO,1,Pesos,5100.0,-0.16,48hs,124
0.0,0,15,,0.0,,,No,,0.0,0.0,0,0.0,0.0,0.0,28.25,ADGOD,0,Du00f3lar efectivo,0.0,0.0,48hs,0
14225.0,7,3,19,14076.0,BANCO COMAFI S.A.,,No,17:00:01,14316.0,14211.5,15126090,13578.0,14262.2632,14265.001,17897.0,ADI,1,Pesos,14292.0,1.53,48hs,1062
0.0,105,96,,0.0,,,No,,0.0,0.0,0,48.35,0.0,0.0,48.95,ADID,0,Du00f3lar efectivo,0.0,0.0,48hs,0
11564.5,850,6,6,11587.0,BANCO COMAFI S.A.,,No,17:00:01,11600.0,11495.5,69180,11477.5,11530.0,11513.6429,11580.0,ADP,0,Pesos,11496.0,-0.79,48hs,6
1174.0,3289,6770,1,1196.5,BANCO COMAFI S.A.,,No,17:00:01,1174.0,1174.0,14088,1154.5,1174.0,1174.0,1166.0,AEG,0,Pesos,1174.0,-1.88,48hs,12
4212.0,903,1,4,4636.0,BANCO COMAFI S.A.,,No,17:00:01,4320.5,4212.0,34014,4265.0,4265.375,4280.1304,4704.0,AEM,1,Pesos,4320.5,-6.81,48hs,8
3035.0,1275,15,22,2950.5,BANCO COMAFI S.A.,,No,17:00:01,3041.5,3022.0,87860,2985.5,3029.5682,3029.5469,3333.0,AIG,1,Pesos,3027.5,2.61,48hs,29
0.0,505,0,,0.0,,,No,,0.0,0.0,0,10.3,0.0,0.0,0.0,AIGD,0,Du00f3lar efectivo,0.0,0.0,48hs,0
3392.0,1094,2,3,3390.0,BANCO COMAFI S.A.,,No,17:00:02,3392.0,3165.5,16334,3322.0,3250.0,3216.5,3420.0,AKO.B,-1,Pesos,3165.5,-6.62,48hs,5
4660.0,1,3,15,4660.5,BANCO COMAFI S.A.,,No,17:00:01,4714.0,4660.0,5870998,3000.0,4677.8,4702.3925,4720.0,AMAT,-1,Pesos,4705.5,0.97,48hs,1250
0.0,325,0,,0.0,,,No,,0.0,0.0,0,15.95,0.0,0.0,0.0,AMATD,0,Du00f3lar efectivo,0.0,0.0,48hs,0
35395.5,1,1,322,35010.0,BANCO COMAFI S.A.,,No,17:00:02,35836.0,34598.0,118753041,32000.0,35091.3851,35367.6623,40000.0,AMD,1,Pesos,35730.0,2.06,48hs,3373
125.0,1,3,2,123.0,,,No,17:00:02,125.0,121.0,33246,118.25,123.0,122.9962,170.0,AMDD,-1,Du00f3lar efectivo,121.0,-1.63,48hs,266
7590.5,1,1,37,7507.0,BANCO COMAFI S.A.,,No,17:00:01,7650.0,7575.0,42216122,1.0,7594.3514,7605.5667,7650.0,AMGN,1,Pesos,7650.0,1.9,48hs,5563
5086.5,1480,1,5,5116.5,BANCO COMAFI S.A.,,No,17:00:01,5086.5,5012.0,223552,5008.0,5035.8,5035.1119,5087.0,AMX,-1,Pesos,5021.0,-1.87,48hs,44
0.0,1,9,,0.0,,,No,,0.0,0.0,0,16.5,0.0,0.0,17.25,AMXD,0,Du00f3lar efectivo,0.0,0.0,48hs,0
236.5,1,20,1386,236.5,BANCO COMAFI S.A.,,No,17:00:02,244.0,234.25,135653339,222.0,238.9297,239.6203,245.0,AMZN,0,Pesos,238.75,0.95,48hs,568268
0.803,6,108,99,0.858,,,No,17:00:02,0.829,0.803,6903,0.8,0.8187,0.8189,0.95,AMZND,1,Du00f3lar efectivo,0.818,-4.66,48hs,8440
0.0,810,1710,,0.0,BANCO COMAFI S.A.,,No,,0.0,0.0,0,4721.0,0.0,0.0,4780.5,ANF,0,Pesos,0.0,0.0,48hs,0
4498.0,1,20,18,4444.0,BANCO COMAFI S.A.,,No,17:00:02,4498.0,4402.0,573836,3850.0,4449.9167,4439.5991,5000.0,ARCO,-1,Pesos,4403.0,-0.92,48hs,130
1110.0,1,4,237,1097.5,Caja de Valores S.A.,,No,17:00:02,1119.5,1066.5,18946528,1050.0,1095.3418,1103.9434,1200.0,ARKK,1,Pesos,1117.0,1.78,48hs,17301
3.67,3,254,7,4.15,,,No,17:00:02,3.84,3.67,11765,3.73,3.7443,3.7576,4.5,ARKKD,1,Du00f3lar efectivo,3.84,-7.47,48hs,3146
0.0,290,290,,0.0,BANCO COMAFI S.A.,,No,,0.0,0.0,0,31675.5,0.0,0.0,31863.5,ASR,0,Pesos,0.0,0.0,48hs,0
1470.0,13,400,57,1454.0,BANCO COMAFI S.A.,,No,17:00:01,1476.0,1419.5,927646,1300.0,1440.2105,1437.3971,1600.0,AUY,0,Pesos,1441.0,-0.89,48hs,644
0.0,21,7,,0.0,,,No,,0.0,0.0,0,4.68,0.0,0.0,5.5,AUYD,0,Du00f3lar efectivo,0.0,0.0,48hs,0
3428.0,8,6,28,3360.0,BANCO COMAFI S.A.,,No,17:00:02,3430.0,3380.0,602520,3392.0,3406.4464,3410.3963,3420.0,AVGO,-1,Pesos,3416.0,1.67,48hs,177
11.7,4,58,2,11.6,,,No,17:00:02,11.7,11.2,45,11.2,11.45,11.3,16.0,AVGOD,-1,Du00f3lar efectivo,11.2,-3.45,48hs,4
16956.0,225,550,8,17067.5,BANCO COMAFI S.A.,,No,17:00:01,16956.0,16791.0,14272661,16616.0,16815.875,16805.387,16814.5,AVY,0,Pesos,16795.0,-1.6,48hs,847
57.0,894,0,2,58.6,,,No,17:00:02,57.0,57.0,53523,57.0,57.0,57.0,0.0,AVYD,0,Du00f3lar efectivo,57.0,-2.73,48hs,939
8500.0,5,3,29,8431.5,BANCO COMAFI S.A.,,No,17:00:01,8500.0,8391.5,2458892,8391.5,8452.7931,8462.3603,9500.0,AXP,-1,Pesos,8451.5,0.24,48hs,291
0.0,4,170,,0.0,,,No,,0.0,0.0,0,27.45,0.0,0.0,29.1,AXPD,0,Du00f3lar efectivo,0.0,0.0,48hs,0
8435.0,890,4,5,8485.5,BANCO COMAFI S.A.,,No,17:00:01,8500.0,8435.0,228960,8457.5,8478.0,8487.4519,10500.0,AZN,1,Pesos,8489.0,0.04,48hs,27
0.0,3,5,,0.0,,,No,,0.0,0.0,0,28.1,0.0,0.0,31.9,AZND,0,Du00f3lar efectivo,0.0,0.0,48hs,0
6637.0,1,12,48,6684.5,BANCO COMAFI S.A.,,No,17:00:01,6728.0,6562.5,12913584,6100.0,6622.9896,6634.2791,7100.0,BA,1,Pesos,6728.0,0.65,48hs,1953
4556.0,8,12,54,4557.0,BANCO COMAFI S.A.,,No,17:00:01,4658.0,4556.0,2095729,4300.0,4627.9259,4632.0815,5010.0,BA.C,-1,Pesos,4615.0,1.27,48hs,453
16.3,8,13,4,16.45,,,No,17:00:02,16.3,15.65,706,15.1,15.95,15.8694,16.2,BA.CD,0,Du00f3lar efectivo,15.65,-4.86,48hs,44
2604.5,6,2,231,2563.5,BANCO COMAFI S.A.,,No,17:00:02,2632.5,2552.5,19379132,2540.0,2590.8593,2593.6417,2990.0,BABA,-1,Pesos,2600.0,1.42,48hs,7482
8.98,1,4,9,8.9,,,No,17:00:02,8.98,8.89,205,8.79,8.9056,8.9029,12.2,BABAD,1,Du00f3lar efectivo,8.93,0.34,48hs,23
0.0,6,3,,0.0,,,No,,0.0,0.0,0,21.6,0.0,0.0,50.0,BAD,0,Du00f3lar efectivo,0.0,0.0,48hs,0
431.0,36,67,23,428.5,BANCO COMAFI S.A.,,No,17:00:02,436.5,425.5,354291,432.0,432.0652,432.3669,700.0,BB,-1,Pesos,433.5,1.17,48hs,823
1168.0,1,1,287,1163.0,BANCO COMAFI S.A.,,No,17:00:01,1168.0,1129.0,10383945,1136.0,1140.2213,1139.1977,1200.0,BBD,1,Pesos,1147.0,-1.38,48hs,9123
3.97,2,4,6,4.05,,,No,17:00:02,3.97,3.89,654,3.88,3.9117,3.9135,4.9,BBDD,1,Du00f3lar efectivo,3.93,-2.96,48hs,167
1365.0,1,2,6,1354.5,BANCO COMAFI S.A.,,No,17:00:01,1371.0,1345.0,152575,1200.0,1361.1667,1361.2535,1520.0,BBV,-1,Pesos,1366.0,0.85,48hs,113
0.0,1131,0,,0.0,,,No,,0.0,0.0,0,4.59,0.0,0.0,0.0,BBVD,0,Du00f3lar efectivo,0.0,0.0,48hs,0
1866.0,28,1,6,1862.0,BANCO COMAFI S.A.,,No,17:00:01,1874.5,1837.0,20413,1777.5,1860.5833,1862.4111,2500.0,BCS,1,Pesos,1871.0,0.48,48hs,11
7651.0,1030,1030,6,7700.0,BANCO COMAFI S.A.,,No,17:00:01,7651.0,7574.0,182639,7555.0,7612.5,7601.7397,7583.0,BHP,-1,Pesos,7574.0,-1.64,48hs,24
3046.5,27,2,20,3014.0,BANCO COMAFI S.A.,,No,17:00:02,3046.5,2974.5,374609,3002.0,3002.725,3002.5373,3105.0,BIDU,-1,Pesos,3006.5,-0.25,48hs,125
0.0,9,5,,0.0,,,No,,0.0,0.0,0,9.8,0.0,0.0,10.45,BIDUD,0,Du00f3lar efectivo,0.0,0.0,48hs,0
5948.0,2,15,23,5968.0,BANCO COMAFI S.A.,,No,17:00:02,6060.0,5910.5,4997067,4979.5,5982.7174,6016.4318,6350.0,BIIB,-1,Pesos,6028.0,1.01,48hs,834
7513.0,2,1,70,7678.5,BANCO COMAFI S.A.,,No,17:00:02,7650.0,7505.0,2750223,7500.0,7562.1929,7570.3431,7850.0,BIOX,1,Pesos,7630.5,-0.63,48hs,364
26.0,2,31,3,26.0,,,No,17:00:02,26.0,26.0,546,24.2,26.0,26.0,29.2,BIOXD,0,Du00f3lar efectivo,26.0,0.0,48hs,21
1419.0,10,16,36,1434.5,Caja de Valores S.A.,,No,17:00:02,1486.0,1385.0,765428,1300.0,1437.7639,1441.5708,1486.0,BITF,1,Pesos,1480.0,3.17,48hs,537
0.0,1053,2,,0.0,,,No,,0.0,0.0,0,4.93,0.0,0.0,10.5,BITFD,0,Du00f3lar efectivo,0.0,0.0,48hs,0
5870.0,100,2,7,6244.0,BANCO COMAFI S.A.,,No,17:00:01,5890.0,5771.5,151561,5735.0,5827.1429,5809.6148,6432.0,BK,-1,Pesos,5777.0,-7.48,48hs,26
0.0,7,1150,,0.0,BANCO COMAFI S.A.,,No,,0.0,0.0,0,6748.0,0.0,0.0,7119.0,BMY,0,Pesos,0.0,0.0,48hs,0
5348.0,1,6,62,5261.5,BANCO COMAFI S.A.,,No,17:00:01,5421.5,5153.5,44812960,4550.0,5288.1532,5316.2316,5480.0,BNG,-1,Pesos,5400.0,2.63,48hs,8594
18.15,280,5,1,18.9,,,No,17:00:02,18.15,18.15,36,18.35,18.15,18.15,19.5,BNGD,0,Du00f3lar efectivo,18.15,-3.97,48hs,2
1834.0,3,5,40,1835.0,BANCO COMAFI S.A.,,No,17:00:01,1852.0,1814.0,1045717,1784.5,1833.7,1838.6825,1854.0,BP,0,Pesos,1851.0,0.87,48hs,570
0.0,16,228,,0.0,,,No,,0.0,0.0,0,6.0,0.0,0.0,7.0,BPD,0,Du00f3lar efectivo,0.0,0.0,48hs,0
2497.0,3820,1,9,2497.0,BANCO COMAFI S.A.,,No,17:00:02,2509.5,2428.0,152560,2473.0,2466.5,2477.7076,3100.0,BRFS,-1,Pesos,2501.5,0.18,48hs,62
3781.0,2,2,284,3712.5,BANCO COMAFI S.A.,,No,17:00:02,3781.0,3693.0,22777828,3650.0,3713.9173,3711.0979,3850.0,BRKB,-1,Pesos,3700.0,-0.34,48hs,6141
12.8,5,8,16,13.3,,,No,17:00:02,13.05,12.7,2433,12.0,12.825,12.7997,14.5,BRKBD,-1,Du00f3lar efectivo,12.7,-4.51,48hs,190
1757.5,2155,30,7,1767.5,BANCO COMAFI S.A.,,No,17:00:01,1767.5,1748.0,36897,1736.5,1756.5,1755.2606,1768.5,BSBR,-1,Pesos,1752.5,-0.85,48hs,21
4155.0,1203,4,137,4132.0,BANCO COMAFI S.A.,,No,17:00:01,4245.0,4130.0,37823825,4152.5,4187.9891,4206.1778,4738.0,C,1,Pesos,4188.0,1.36,48hs,9013
14.3,20,5,4,14.5,,,No,17:00:02,14.95,14.3,145,14.0,14.4625,14.625,17.9,C.D,1,Du00f3lar efectivo,14.95,3.1,48hs,10
8825.0,550,550,3,8726.5,BANCO COMAFI S.A.,,No,17:00:02,8996.0,8825.0,402034,8840.0,8906.3333,8942.0,8904.0,CAAP,1,Pesos,8996.0,3.09,48hs,45
0.0,1680,1680,,0.0,BANCO COMAFI S.A.,,No,,0.0,0.0,0,6963.0,0.0,0.0,6986.5,CAH,0,Pesos,0.0,0.0,48hs,0
0.0,2630,2630,,0.0,BANCO COMAFI S.A.,,No,,0.0,0.0,0,3368.5,0.0,0.0,3388.0,CAJ,0,Pesos,0.0,0.0,48hs,0
54440.5,68,1,1,55945.0,BANCO COMAFI S.A.,,No,17:00:01,54440.5,54440.5,1361012,55500.0,54440.5,54440.5,75216.0,CAR,0,Pesos,54440.5,-2.69,48hs,25
11284.0,20,4,26,10978.5,BANCO COMAFI S.A.,,No,17:00:01,11284.0,10928.0,994996,11025.0,11069.8462,11071.9698,12000.0,CAT,1,Pesos,11098.0,1.09,48hs,90
0.0,3,3,,0.0,,,No,,0.0,0.0,0,36.0,0.0,0.0,40.0,CATD,0,Du00f3lar efectivo,0.0,0.0,48hs,0
0.0,3316,1,,0.0,BANCO COMAFI S.A.,,No,,0.0,0.0,0,1127.5,0.0,0.0,1205.0,CBRD,0,Pesos,0.0,0.0,48hs,0
1094.0,2,5,5,1072.0,BANCO COMAFI S.A.,,No,17:00:01,1120.0,1094.0,59654,750.0,1106.8,1110.0071,1215.0,CDE,1,Pesos,1120.0,4.48,48hs,54
7107.5,540,1,9,7085.0,BANCO COMAFI S.A.,,No,17:00:01,7139.0,7077.5,305880,7029.0,7111.5556,7107.6226,9100.0,CL,-1,Pesos,7077.5,-0.11,48hs,43
809.5,100,2,225,791.0,BANCO COMAFI S.A.,,No,17:00:02,809.5,771.5,17319581,672.0,791.98,795.9816,875.0,COIN,-1,Pesos,797.0,0.76,48hs,21830
2.69,5,3,1,2.7,,,No,17:00:02,2.69,2.69,16,2.55,2.69,2.69,3.05,COIND,0,Du00f3lar efectivo,2.69,-0.37,48hs,6
12045.0,1,770,19,12016.0,BANCO COMAFI S.A.,,No,17:00:01,12072.0,11979.0,2408003,11970.0,12033.7105,12028.9655,11989.5,COST,1,Pesos,11998.5,-0.15,48hs,200
0.0,1,0,,0.0,,,No,,0.0,0.0,0,41.0,0.0,0.0,0.0,COSTD,0,Du00f3lar efectivo,0.0,0.0,48hs,0
7225.5,1,14,32,7259.0,BANCO COMAFI S.A.,,No,17:00:02,7362.0,7175.0,11039568,7250.0,7278.6406,7316.9599,8788.0,CRM,-1,Pesos,7317.5,0.81,48hs,1515
0.0,210,6,,0.0,,,No,,0.0,0.0,0,24.85,0.0,0.0,26.0,CRMD,0,Du00f3lar efectivo,0.0,0.0,48hs,0
1305.5,29,1,13,1293.0,BANCO COMAFI S.A.,,No,17:00:01,1323.0,1301.0,204335,1232.0,1309.7308,1315.7528,1427.0,CS,-1,Pesos,1322.5,2.28,48hs,155
2424.0,1,17,20,2415.5,BANCO COMAFI S.A.,,No,17:00:01,2436.0,2416.0,288878,2400.0,2424.6,2424.1866,2700.0,CSCO,-1,Pesos,2423.0,0.31,48hs,119
0.0,15,50,,0.0,,,No,,0.0,0.0,0,7.92,0.0,0.0,14.0,CSCOD,0,Du00f3lar efectivo,0.0,0.0,48hs,0
6018.0,1,2,84,6010.0,BANCO COMAFI S.A.,,No,17:00:01,6118.0,5980.5,5741907,5500.0,6048.256,6073.3723,6200.0,CVX,-1,Pesos,6078.0,1.13,48hs,949
20.65,5,26,6,21.0,,,No,17:00:02,21.0,20.45,1156,19.75,20.725,20.6488,22.0,CVXD,1,Du00f3lar efectivo,20.6,-1.9,48hs,56
1048.0,1,7,2,1026.0,BANCO COMAFI S.A.,,No,17:00:01,1048.0,1048.0,10480,1000.0,1048.0,1048.0,1516.0,CX,0,Pesos,1048.0,2.14,48hs,10
0.0,1200,2690,,0.0,BANCO COMAFI S.A.,,No,,0.0,0.0,0,3152.0,0.0,0.0,3187.0,DD,0,Pesos,0.0,0.0,48hs,0
11165.0,1000,1000,20,11165.0,BANCO COMAFI S.A.,,No,17:00:01,11165.0,11038.0,5595184,11098.0,11098.125,11101.2196,11154.0,DE,-1,Pesos,11131.0,-0.3,48hs,504
0.0,130,0,,0.0,,,No,,0.0,0.0,0,37.8,0.0,0.0,0.0,DED,0,Du00f3lar efectivo,0.0,0.0,48hs,0
8485.0,1030,1030,3,8388.5,BANCO COMAFI S.A.,,No,17:00:01,8558.5,8485.0,25582,8524.5,8527.3333,8539.5833,8553.5,DEO,1,Pesos,8558.5,2.03,48hs,3
1832.0,1,30,59,1854.5,BANCO COMAFI S.A.,,No,17:00:02,1889.5,1832.0,772561,1847.0,1867.178,1868.8002,1980.0,DESP,-1,Pesos,1851.0,-0.19,48hs,414
0.0,20,4,,0.0,,,No,,0.0,0.0,0,6.05,0.0,0.0,14.0,DESPD,0,Du00f3lar efectivo,0.0,0.0,48hs,0
4461.0,2,1,264,4465.5,Caja de Valores S.A.,,No,17:00:02,4581.0,4461.0,74472747,4450.0,4502.589,4505.4008,5000.0,DIA,-1,Pesos,4511.0,1.02,48hs,16572
15.35,10,10,7,15.85,,,No,17:00:02,15.5,14.85,1090,14.65,15.2286,15.1934,16.2,DIAD,-1,Du00f3lar efectivo,15.1,-4.73,48hs,71
7115.0,14,2,187,7118.0,BANCO COMAFI S.A.,,No,17:00:01,7240.5,7089.0,19446240,7000.0,7170.893,7192.424,7300.0,DISN,-1,Pesos,7198.5,1.13,48hs,2712
24.65,47,4,9,24.95,,,No,17:00:02,24.8,24.5,1182,24.45,24.6611,24.6812,32.0,DISND,0,Du00f3lar efectivo,24.7,-1.0,48hs,48
0.0,1,0,,0.0,BANCO COMAFI S.A.,,No,,0.0,0.0,0,250.0,0.0,0.0,0.0,DJNJ3,0,Pesos,0.0,0.0,48hs,0
631.5,6,11,34,620.5,BANCO COMAFI S.A.,,No,17:00:02,639.0,610.0,1187626,600.0,627.0294,629.1881,800.0,DOCU,1,Pesos,635.5,2.42,48hs,1927
0.0,49,0,,0.0,,,No,,0.0,0.0,0,2.07,0.0,0.0,0.0,DOCUD,0,Du00f3lar efectivo,0.0,0.0,48hs,0
2267.0,1,3490,12,2267.0,BANCO COMAFI S.A.,,No,17:00:02,2270.5,2242.5,388212,2030.0,2257.3333,2255.6987,2253.0,DOW,1,Pesos,2254.0,-0.57,48hs,172
0.0,6,0,,0.0,,,No,,0.0,0.0,0,7.5,0.0,0.0,0.0,DOWD,0,Du00f3lar efectivo,0.0,0.0,48hs,0
0.0,4950,4950,,0.0,BANCO COMAFI S.A.,,No,,0.0,0.0,0,1687.0,0.0,0.0,1701.0,E,0,Pesos,0.0,0.0,48hs,0
2615.0,2,2,2,2599.5,BANCO COMAFI S.A.,,No,17:00:02,2615.0,2613.5,10455,2022.0,2614.25,2613.8,3130.0,EA,-1,Pesos,2613.5,0.54,48hs,4
0.0,588,5,,0.0,,,No,,0.0,0.0,0,8.85,0.0,0.0,9.9,EAD,0,Du00f3lar efectivo,0.0,0.0,48hs,0
5605.0,3,2,7,5649.0,BANCO COMAFI S.A.,,No,17:00:01,5704.0,5605.0,744889,5649.0,5656.0714,5676.9625,7000.0,EBAY,0,Pesos,5703.5,0.96,48hs,132
0.0,2,40,,0.0,,,No,,0.0,0.0,0,19.2,0.0,0.0,28.0,EBAYD,0,Du00f3lar efectivo,0.0,0.0,48hs,0
0.0,850,850,,0.0,BANCO COMAFI S.A.,,No,,0.0,0.0,0,10289.0,0.0,0.0,10342.0,EBR,0,Pesos,0.0,0.0,48hs,0
2140.0,15,5,52,2117.0,Caja de Valores S.A.,,No,17:00:02,2140.0,2107.0,986380,2000.0,2125.1538,2126.5056,2930.0,EEM,1,Pesos,2135.5,0.87,48hs,465
0.0,25,7,,0.0,,,No,,0.0,0.0,0,7.0,0.0,0.0,8.3,EEMD,0,Du00f3lar efectivo,0.0,0.0,48hs,0
3140.0,10,2680,6,3351.5,BANCO COMAFI S.A.,,No,17:00:02,3148.0,3140.0,81800,3148.0,3142.6667,3145.8182,3180.5,EFX,0,Pesos,3148.0,-6.07,48hs,26
0.0,10,0,,0.0,,,No,,0.0,0.0,0,10.3,0.0,0.0,0.0,EFXD,0,Du00f3lar efectivo,0.0,0.0,48hs,0
0.0,1550,1550,,0.0,BANCO COMAFI S.A.,,No,,0.0,0.0,0,5464.0,0.0,0.0,5494.5,ELP,0,Pesos,0.0,0.0,48hs,0
0.0,57,10,,0.0,BANCO COMAFI S.A.,,No,,0.0,0.0,0,879.5,0.0,0.0,1300.0,ERIC,0,Pesos,0.0,0.0,48hs,0
2695.0,50,1,23,2810.0,BANCO COMAFI S.A.,,No,17:00:02,2762.0,2695.0,1891707,2693.5,2736.6739,2746.6661,3569.5,ERJ,-1,Pesos,2736.5,-2.62,48hs,692
0.0,11,1,,0.0,,,No,,0.0,0.0,0,8.99,0.0,0.0,37.7,ERJD,0,Du00f3lar efectivo,0.0,0.0,48hs,0
1979.0,100,1,14,2017.0,BANCO COMAFI S.A.,,No,17:00:02,2049.5,1979.0,391264,2027.5,2016.3214,2026.5189,2318.0,ETSY,1,Pesos,2039.5,1.12,48hs,195
6.75,16,1,1,6.77,,,No,17:00:02,6.75,6.75,472,6.65,6.75,6.75,8.37,ETSYD,0,Du00f3lar efectivo,6.75,-0.3,48hs,70
4870.0,5,1,93,4835.0,Caja de Valores S.A.,,No,17:00:02,4870.0,4754.0,6631460,3999.0,4816.1989,4824.9498,5417.0,EWZ,1,Pesos,4838.0,0.06,48hs,1379
16.35,31,1,2,16.9,,,No,17:00:02,16.35,16.35,130,16.0,16.35,16.35,16.6,EWZD,0,Du00f3lar efectivo,16.35,-3.25,48hs,8
3507.5,1,2,29,3545.0,Caja de Valores S.A.,,No,17:00:02,3599.5,3500.0,1380413,2500.0,3555.8276,3569.4246,4581.0,F,1,Pesos,3572.5,0.78,48hs,389
8721.0,9,5,17,8890.0,BANCO COMAFI S.A.,,No,17:00:01,8888.5,8668.5,15060467,8650.0,8765.1471,8790.0309,10244.0,FCX,0,Pesos,8888.5,-0.02,48hs,1725
30.0,173,0,1,28.9,,,No,17:00:02,30.0,30.0,120,30.15,30.0,30.0,0.0,FCXD,0,Du00f3lar efectivo,30.0,3.81,48hs,4
0.0,429,1,,0.0,,,No,,0.0,0.0,0,12.15,0.0,0.0,21.0,FD,0,Du00f3lar efectivo,0.0,0.0,48hs,0
4651.0,1,12,13,4665.5,BANCO COMAFI S.A.,,No,17:00:01,4750.0,4651.0,236182,3400.0,4722.4231,4731.8978,4734.0,FDX,1,Pesos,4733.5,1.46,48hs,50
16.5,20,1,1,16.5,,,No,17:00:02,16.5,16.5,181,16.5,16.5,16.5,27.75,FDXD,0,Du00f3lar efectivo,16.5,0.0,48hs,11
9693.5,396,890,1,9750.0,BANCO COMAFI S.A.,,No,17:00:01,9693.5,9693.5,48467,9595.5,9693.5,9693.5,9721.5,FMX,0,Pesos,9693.5,-0.58,48hs,5
0.0,4,0,,0.0,,,No,,0.0,0.0,0,31.6,0.0,0.0,0.0,FMXD,0,Du00f3lar efectivo,0.0,0.0,48hs,0
13106.0,6,6,25,13333.5,BANCO COMAFI S.A.,,No,17:00:01,13106.0,12863.5,14783155,12860.0,12992.5,13019.1337,13300.0,FSLR,-1,Pesos,13033.5,-2.25,48hs,1138
19772.5,13,1,15,19447.5,BANCO COMAFI S.A.,,No,17:00:01,20150.5,19772.5,4011452,19100.0,19997.4,20013.0198,20238.0,GE,1,Pesos,20081.0,3.26,48hs,202
0.0,76,1,,0.0,,,No,,0.0,0.0,0,68.2,0.0,0.0,74.6,GED,0,Du00f3lar efectivo,0.0,0.0,48hs,0
2537.0,1,1,8,2550.0,BANCO COMAFI S.A.,,No,17:00:01,2541.0,2504.5,203645,1950.0,2519.75,2522.9574,3500.0,GFI,1,Pesos,2541.0,-0.35,48hs,81
5916.0,1,25,23,6031.0,BANCO COMAFI S.A.,,No,17:00:02,6013.5,5900.0,788835,4700.0,5966.5435,5983.3091,5990.0,GGB,0,Pesos,5978.5,-0.87,48hs,132
5054.5,760,22,14,4993.5,BANCO COMAFI S.A.,,No,17:00:02,5069.0,5035.0,1136684,4983.0,5057.6786,5057.2471,5499.0,GILD,-1,Pesos,5044.5,1.02,48hs,225
0.0,7,6,,0.0,,,No,,0.0,0.0,0,16.45,0.0,0.0,18.15,GILDD,0,Du00f3lar efectivo,0.0,0.0,48hs,0
8650.0,30,7,173,8687.5,BANCO COMAFI S.A.,,No,17:00:02,8668.5,8385.0,13840481,8490.0,8537.1243,8579.1537,12000.0,GLOB,-1,Pesos,8589.0,-1.13,48hs,1622
30.0,2,4,4,34.0,,,No,17:00:02,30.0,30.0,240,29.4,30.0,30.0,40.0,GLOBD,0,Du00f3lar efectivo,30.0,-11.76,48hs,8
2283.5,3710,5,1,2300.5,BANCO COMAFI S.A.,,No,17:00:01,2283.5,2283.5,45670,2304.5,2283.5,2283.5,3075.0,GLW,0,Pesos,2283.5,-0.74,48hs,20
1630.0,5,6,21,1625.0,BANCO COMAFI S.A.,,No,17:00:02,1666.0,1627.0,2068791,1630.0,1649.4762,1653.6754,1792.0,GM,-1,Pesos,1656.5,1.94,48hs,1257
0.0,24,60,,0.0,,,No,,0.0,0.0,0,5.35,0.0,0.0,5.71,GMD,0,Du00f3lar efectivo,0.0,0.0,48hs,0
1.76,458,110,35,1.8,,,No,17:00:02,1.78,1.74,3036,1.75,1.7674,1.7591,1.99,GOGLD,-1,Du00f3lar efectivo,1.75,-2.78,48hs,1725
4626.5,1,3,224,4600.0,BANCO COMAFI S.A.,,No,17:00:02,4711.5,4569.0,30483796,4350.0,4614.1049,4614.3538,4900.0,GOLD,0,Pesos,4633.0,0.72,48hs,6605
15.65,5,8,8,16.35,,,No,17:00:02,15.8,15.65,6865,15.0,15.7312,15.7372,18.0,GOLDD,0,Du00f3lar efectivo,15.7,-3.98,48hs,435
512.5,3,214,1072,509.0,BANCO COMAFI S.A.,,No,17:00:01,530.0,510.0,64185209,510.0,516.3773,516.69,537.0,GOOGL,-1,Pesos,515.5,1.28,48hs,124340
4102.5,1020,2,5,4310.0,BANCO COMAFI S.A.,,No,17:00:02,4188.0,4100.5,204149,4137.0,4135.6,4170.6919,4455.0,GPRK,1,Pesos,4183.5,-2.94,48hs,49
8050.0,477,10,3,8032.5,BANCO COMAFI S.A.,,No,17:00:02,8055.0,8050.0,40255,7978.5,8051.6667,8052.5,10995.0,GRMN,1,Pesos,8055.0,0.28,48hs,5
6927.5,1280,2,22,6931.0,BANCO COMAFI S.A.,,No,17:00:02,7069.0,6927.5,1536863,6983.0,7017.9318,7023.2572,7100.0,GS,1,Pesos,7024.5,1.35,48hs,219
0.0,1,18,,0.0,,,No,,0.0,0.0,0,23.0,0.0,0.0,34.5,GSD,0,Du00f3lar efectivo,0.0,0.0,48hs,0
2350.0,1648,8,18,2322.5,BANCO COMAFI S.A.,,No,17:00:01,2352.5,2328.5,290697,2316.0,2342.8611,2340.9725,2450.0,GSK,-1,Pesos,2346.5,1.03,48hs,124
0.0,0,17,,0.0,,,No,,0.0,0.0,0,0.0,0.0,0.0,12.0,GSKD,0,Du00f3lar efectivo,0.0,0.0,48hs,0
4455.0,2,100,13,4508.0,BANCO COMAFI S.A.,,No,17:00:02,4616.5,4452.0,2052572,4542.5,4561.3846,4594.8542,4620.0,HAL,1,Pesos,4600.0,2.04,48hs,447
0.0,334,0,,0.0,,,No,,0.0,0.0,0,15.6,0.0,0.0,0.0,HALD,0,Du00f3lar efectivo,0.0,0.0,48hs,0
10820.0,880,2,23,10814.0,BANCO COMAFI S.A.,,No,17:00:01,10890.0,10740.0,953649,10779.5,10828.413,10839.8353,11585.0,HD,-1,Pesos,10828.0,0.13,48hs,88
0.0,1090,1090,,0.0,BANCO COMAFI S.A.,,No,,0.0,0.0,0,8738.5,0.0,0.0,8768.5,HDB,0,Pesos,0.0,0.0,48hs,0
0.0,136,2,,0.0,,,No,,0.0,0.0,0,36.7,0.0,0.0,38.65,HDD,0,Du00f3lar efectivo,0.0,0.0,48hs,0
1348.5,3,100,7,1332.5,BANCO COMAFI S.A.,,No,17:00:01,1394.0,1348.5,38538,1363.0,1371.2143,1384.5357,1525.0,HL,-1,Pesos,1393.5,4.58,48hs,28
6715.0,570,1230,1,6715.0,BANCO COMAFI S.A.,,No,17:00:01,6715.0,6715.0,6715,6609.0,6715.0,6715.0,6717.5,HMC,0,Pesos,6715.0,0.0,48hs,1
835.5,2,99,207,844.0,BANCO COMAFI S.A.,,No,17:00:01,853.5,817.5,10534357,820.0,830.2101,827.2503,842.0,HMY,1,Pesos,826.0,-2.13,48hs,12679
2.86,2,58,22,2.94,,,No,17:00:02,2.86,2.78,432,2.7,2.8123,2.8003,3.8,HMYD,0,Du00f3lar efectivo,2.78,-5.44,48hs,153
0.0,0,1,,0.0,BANCO COMAFI S.A.,,No,,0.0,0.0,0,0.0,0.0,0.0,6100.0,HNPIY,0,Pesos,0.0,0.0,48hs,0
0.0,1053,3,,0.0,BANCO COMAFI S.A.,,No,,0.0,0.0,0,3595.0,0.0,0.0,3900.0,HOG,0,Pesos,0.0,0.0,48hs,0
6638.5,576,1,5,6618.0,BANCO COMAFI S.A.,,No,17:00:01,6648.0,6638.5,46504,6587.0,6643.1,6643.3684,6670.0,HON,-1,Pesos,6642.0,0.36,48hs,7
7599.0,1,890,17,7587.5,BANCO COMAFI S.A.,,No,17:00:01,7675.5,7599.0,466607,7588.0,7650.0882,7655.1647,7614.5,HPQ,1,Pesos,7646.5,0.78,48hs,61
0.0,5,3,,0.0,,,No,,0.0,0.0,0,24.8,0.0,0.0,33.8,HPQD,0,Du00f3lar efectivo,0.0,0.0,48hs,0
3850.0,1800,1800,4,3900.0,BANCO COMAFI S.A.,,No,17:00:01,3850.0,3840.0,61558,3839.0,3847.125,3845.55,3865.5,HSBC,-1,Pesos,3840.0,-1.54,48hs,16
23069.0,165,410,4,22998.0,BANCO COMAFI S.A.,,No,17:00:01,23105.0,23069.0,230831,22718.0,23091.375,23094.3,23085.5,HSY,1,Pesos,23105.0,0.47,48hs,10
2703.5,6,10,11,2727.5,Caja de Valores S.A.,,No,17:00:02,2822.5,2691.0,151786,2783.0,2765.1364,2785.9654,2900.0,HUT,1,Pesos,2822.5,3.48,48hs,55
0.0,549,180,,0.0,,,No,,0.0,0.0,0,9.47,0.0,0.0,9.68,HUTD,0,Du00f3lar efectivo,0.0,0.0,48hs,0
9871.5,970,970,4,10251.5,BANCO COMAFI S.A.,,No,17:00:02,9884.0,9871.5,9996653,9886.5,9880.125,9881.5125,9930.0,HWM,0,Pesos,9878.0,-3.64,48hs,1012
0.0,3,0,,0.0,,,No,,0.0,0.0,0,32.5,0.0,0.0,0.0,HWMD,0,Du00f3lar efectivo,0.0,0.0,48hs,0
7269.0,1,2,26,7223.5,BANCO COMAFI S.A.,,No,17:00:01,7339.5,7225.0,2890568,7225.0,7263.7115,7255.4044,7730.0,IBM,-1,Pesos,7246.5,0.32,48hs,399
24.9,4,145,1,25.7,,,No,17:00:02,24.9,24.9,124,24.55,24.55,24.55,24.9,IBMD,0,Du00f3lar efectivo,24.9,-3.11,48hs,5
0.0,598,1690,,0.0,BANCO COMAFI S.A.,,No,,0.0,0.0,0,6367.0,0.0,0.0,6440.0,IBN,0,Pesos,0.0,0.0,48hs,0
13167.5,288,520,3,13243.0,BANCO COMAFI S.A.,,No,17:00:01,13200.0,13119.0,250621,12972.0,13162.1667,13159.0875,13089.5,IFF,-1,Pesos,13119.0,-0.94,48hs,19
0.0,1610,1610,,0.0,BANCO COMAFI S.A.,,No,,0.0,0.0,0,5261.0,0.0,0.0,5286.5,INFY,0,Pesos,0.0,0.0,48hs,0
0.0,4458,8870,,0.0,BANCO COMAFI S.A.,,No,,0.0,0.0,0,859.5,0.0,0.0,878.0,ING,0,Pesos,0.0,0.0,48hs,0
1540.0,1,23,236,1526.5,BANCO COMAFI S.A.,,No,17:00:01,1572.0,1530.0,16487126,1523.0,1552.6525,1557.4237,1576.0,INTC,-1,Pesos,1563.5,2.42,48hs,10642
5.33,3,4,14,5.24,,,No,17:00:02,5.35,5.27,907,5.16,5.3221,5.3028,6.0,INTCD,0,Du00f3lar efectivo,5.27,0.57,48hs,170
0.0,1584,2840,,0.0,BANCO COMAFI S.A.,,No,,0.0,0.0,0,2400.5,0.0,0.0,2434.0,IP,0,Pesos,0.0,0.0,48hs,0
1640.0,2298,15,23,1689.5,BANCO COMAFI S.A.,,No,17:00:02,1643.0,1623.0,1653081,1613.5,1634.1739,1637.0004,1690.0,ITUB,1,Pesos,1643.0,-2.75,48hs,1011
0.0,15,2,,0.0,,,No,,0.0,0.0,0,5.0,0.0,0.0,6.49,ITUBD,0,Du00f3lar efectivo,0.0,0.0,48hs,0
5126.5,1,5890,27,5126.5,Caja de Valores S.A.,,No,17:00:02,5180.0,5114.0,1691092,5138.0,5146.9444,5162.73,5163.5,IWM,1,Pesos,5176.0,0.97,48hs,328
0.0,3,0,,0.0,,,No,,0.0,0.0,0,17.6,0.0,0.0,0.0,IWMD,0,Du00f3lar efectivo,0.0,0.0,48hs,0
7030.0,534,930,7,7087.0,BANCO COMAFI S.A.,,No,17:00:02,7197.0,7030.0,667434,7078.5,7147.3571,7170.1448,7154.5,JD,-1,Pesos,7163.5,1.08,48hs,93
1579.0,1,424,20,1582.0,Caja de Valores S.A.,,No,17:00:02,1620.0,1551.5,678285,1500.0,1581.4,1594.7471,2100.0,JMIA,0,Pesos,1620.0,2.4,48hs,427
0.0,950,1,,0.0,,,No,,0.0,0.0,0,5.47,0.0,0.0,8.0,JMIAD,0,Du00f3lar efectivo,0.0,0.0,48hs,0
9980.0,2,15,127,9959.0,BANCO COMAFI S.A.,,No,17:00:01,10183.0,9980.0,153027203,100.0,10060.2165,10041.8052,10789.0,JNJ,1,Pesos,10063.5,1.05,48hs,15199
0.0,3,20,,0.0,,,No,,0.0,0.0,0,32.549,0.0,0.0,34.5,JNJD,0,Du00f3lar efectivo,0.0,0.0,48hs,0
6327.0,1,4,79,6248.5,BANCO COMAFI S.A.,,No,17:00:01,6430.0,6327.0,22891565,700.0,6381.6456,6398.1039,7495.0,JPM,-1,Pesos,6399.0,2.41,48hs,3581
21.85,3,48,4,22.0,,,No,17:00:02,21.85,21.85,284,21.8,21.85,21.85,26.0,JPMD,0,Du00f3lar efectivo,21.85,-0.68,48hs,13
0.0,1620,4,,0.0,BANCO COMAFI S.A.,,No,,0.0,0.0,0,4750.5,0.0,0.0,6100.0,KB,0,Pesos,0.0,0.0,48hs,0
0.0,3500,3500,,0.0,BANCO COMAFI S.A.,,No,,0.0,0.0,0,1928.0,0.0,0.0,1944.5,KEP,0,Pesos,0.0,0.0,48hs,0
0.0,2,3,,0.0,BANCO COMAFI S.A.,,No,,0.0,0.0,0,900.0,0.0,0.0,1260.0,KGC,0,Pesos,0.0,0.0,48hs,0
5820.0,666,1350,5,5672.0,BANCO COMAFI S.A.,,No,17:00:01,5822.5,5795.0,273382,5737.0,5814.1,5814.2188,5806.0,KMB,-1,Pesos,5818.5,2.58,48hs,47
0.0,264,0,,0.0,,,No,,0.0,0.0,0,19.7,0.0,0.0,0.0,KMBD,0,Du00f3lar efectivo,0.0,0.0,48hs,0
3386.0,1,1,1061,3330.5,BANCO COMAFI S.A.,,No,17:00:01,3470.5,3386.0,481618071,3342.0,3407.5127,3400.9589,3480.0,KO,-1,Pesos,3390.0,1.79,48hs,141548
12.0,10,5,60,11.75,,,No,17:00:02,12.0,11.5,34898,11.0,11.6892,11.6525,12.35,KOD,0,Du00f3lar efectivo,11.5,-2.13,48hs,2989
0.0,10,1060,,0.0,BANCO COMAFI S.A.,,No,,0.0,0.0,0,100.0,0.0,0.0,9055.0,KOFM,0,Pesos,0.0,0.0,48hs,0
12502.0,6,1,22,12567.0,BANCO COMAFI S.A.,,No,17:00:01,12515.0,12470.0,1624588,12536.5,12491.8636,12501.7025,12550.0,LLY,0,Pesos,12515.0,-0.41,48hs,130
6287.5,1,4,13,6306.5,BANCO COMAFI S.A.,,No,17:00:01,6287.5,6133.0,451137,5751.0,6185.1154,6165.5772,6193.0,LMT,-1,Pesos,6137.5,-2.68,48hs,73
21.8,6,50,3,20.4,,,No,17:00:02,21.8,21.0,1547,19.95,21.5333,21.5026,21.8,LMTD,-1,Du00f3lar efectivo,21.0,2.94,48hs,71
1816.5,2,21,20,1787.5,BANCO COMAFI S.A.,,No,17:00:02,1816.5,1780.0,455123,1770.0,1796.3,1791.7852,1970.0,LRCX,1,Pesos,1787.0,-0.03,48hs,253
5552.5,200,15,56,5598.5,BANCO COMAFI S.A.,,No,17:00:01,5598.5,5534.5,12890859,5300.0,5572.1607,5575.0068,5800.0,LVS,0,Pesos,5598.5,0.0,48hs,2317
271.0,20,3,22,272.0,BANCO COMAFI S.A.,,No,17:00:01,271.0,265.5,161687,220.0,267.9545,268.0041,300.0,LYG,0,Pesos,268.0,-1.47,48hs,603
2665.0,5,5,42,2654.5,BANCO COMAFI S.A.,,No,17:00:02,2674.5,2628.0,1150898,2631.5,2652.4524,2653.6037,3370.0,MA,1,Pesos,2639.0,-0.58,48hs,434
9.07,5,0,1,9.0,,,No,17:00:02,9.07,9.07,81,8.9,9.07,9.07,0.0,MAD,0,Du00f3lar efectivo,9.07,0.78,48hs,9
9057.5,1,2,84,9046.5,BANCO COMAFI S.A.,,No,17:00:01,9217.5,9057.5,12589163,9000.0,9147.8155,9148.0405,10090.0,MCD,0,Pesos,9147.0,1.11,48hs,1377
31.5,32,25,3,31.95,,,No,17:00:02,31.5,31.1,592,31.0,31.3333,31.2667,33.8,MCDD,1,Du00f3lar efectivo,31.4,-1.72,48hs,19
6211.0,608,15,6,6320.0,BANCO COMAFI S.A.,,No,17:00:01,6211.0,6181.5,186129,6123.0,6203.4167,6195.1325,6800.0,MDT,-1,Pesos,6191.0,-2.04,48hs,30
4201.0,91,18,919,4253.5,BANCO COMAFI S.A.,,No,17:00:01,4270.0,4100.0,83773250,4100.0,4162.8575,4168.0636,4390.0,MELI,0,Pesos,4212.0,-0.98,48hs,20165
14.5,7,6,92,14.8,,,No,17:00:01,14.7,14.2,27639,14.0,14.3272,14.2737,16.0,MELID,-1,Du00f3lar efectivo,14.2,-4.05,48hs,1934
4885.0,1,1,420,4920.0,BANCO COMAFI S.A.,,No,17:00:02,4962.0,4860.0,68833651,4885.0,4893.9107,4897.0984,5100.0,META,0,Pesos,4914.5,-0.11,48hs,14033
17.0,2,49,17,17.5,,,No,17:00:02,17.05,16.65,5171,16.55,16.8088,16.7342,21.75,METAD,1,Du00f3lar efectivo,16.8,-4.0,48hs,309
0.0,5556,13300,,0.0,BANCO COMAFI S.A.,,No,,0.0,0.0,0,678.0,0.0,0.0,690.5,MFG,0,Pesos,0.0,0.0,48hs,0
0.0,770,770,,0.0,BANCO COMAFI S.A.,,No,,0.0,0.0,0,11696.5,0.0,0.0,11735.5,MMC,0,Pesos,0.0,0.0,48hs,0
6648.0,15,5,49,6654.0,BANCO COMAFI S.A.,,No,17:00:01,6776.0,6648.0,3444173,6662.0,6708.0,6724.9069,9300.0,MMM,1,Pesos,6725.0,1.07,48hs,513
22.95,20,9,2,23.3,,,No,17:00:02,22.95,22.95,160,22.0,22.95,22.95,26.5,MMMD,0,Du00f3lar efectivo,22.95,-1.5,48hs,7
3410.0,12,32,76,3384.5,BANCO COMAFI S.A.,,No,17:00:01,3463.5,3410.0,2272071,3400.0,3443.625,3443.2798,3479.0,MO,1,Pesos,3442.0,1.7,48hs,660
11.8,9,5,5,11.7,,,No,17:00:02,11.8,11.75,1093,11.25,11.76,11.7521,12.5,MOD,0,Du00f3lar efectivo,11.75,0.43,48hs,93
3040.0,3200,16,24,3045.0,Caja de Valores S.A.,,No,17:00:02,3103.0,2959.5,5286327,3076.5,3033.6042,3048.9994,3468.0,MOS,-1,Pesos,3095.0,1.64,48hs,1762
0.0,495,20,,0.0,,,No,,0.0,0.0,0,10.5,0.0,0.0,10.4,MOSD,0,Du00f3lar efectivo,0.0,0.0,48hs,0
5552.0,3,4,38,5579.0,BANCO COMAFI S.A.,,No,17:00:01,5638.0,5552.0,1467439,5190.0,5582.1711,5580.2312,5633.5,MRK,-1,Pesos,5575.0,-0.07,48hs,263
19.15,1,103,1,19.25,,,No,17:00:02,19.15,19.15,19,18.8,19.15,19.15,21.0,MRKD,0,Du00f3lar efectivo,19.15,-0.52,48hs,1
6912.0,5,3,316,6892.0,BANCO COMAFI S.A.,,No,17:00:01,7030.0,6858.0,25174899,6500.0,6935.9589,6952.1277,7250.0,MSFT,1,Pesos,6955.5,0.92,48hs,3630
24.3,42,36,28,24.3,,,No,17:00:02,24.4,23.7,12375,23.8,23.9804,23.879,27.0,MSFTD,-1,Du00f3lar efectivo,23.85,-1.85,48hs,516
13726.0,280,720,8,13705.5,BANCO COMAFI S.A.,,No,17:00:01,13834.5,13726.0,621613,13558.0,13798.0,13804.8887,13789.0,MSI,1,Pesos,13813.0,0.78,48hs,45
3275.5,1,3,8,3333.0,Caja de Valores S.A.,,No,17:00:02,3370.5,3240.0,210120,3280.0,3317.9375,3320.0717,4000.0,MSTR,1,Pesos,3366.5,1.01,48hs,64
0.0,460,0,,0.0,,,No,,0.0,0.0,0,11.3,0.0,0.0,0.0,MSTRD,0,Du00f3lar efectivo,0.0,0.0,48hs,0
3278.0,50,5,11,3297.0,Caja de Valores S.A.,,No,17:00:02,3295.0,3258.5,241597,3200.0,3269.1364,3265.4188,3400.0,MU,0,Pesos,3265.0,-0.97,48hs,74
0.0,10,0,,0.0,,,No,,0.0,0.0,0,10.6,0.0,0.0,0.0,MUD,0,Du00f3lar efectivo,0.0,0.0,48hs,0
1349.0,5500,5500,1,1407.0,BANCO COMAFI S.A.,,No,17:00:02,1349.0,1349.0,1349,1334.5,1349.0,1349.0,1351.0,MUFG,0,Pesos,1349.0,-4.12,48hs,1
4300.0,1,1,21,4263.0,BANCO COMAFI S.A.,,No,17:00:01,4324.5,4261.5,210411,4075.0,4298.881,4306.615,4800.0,NEM,1,Pesos,4309.5,1.09,48hs,49
0.0,357,50,,0.0,,,No,,0.0,0.0,0,14.6,0.0,0.0,23.5,NEMD,0,Du00f3lar efectivo,0.0,0.0,48hs,0
4155.0,1,1,91,4099.0,BANCO COMAFI S.A.,,No,17:00:02,4293.5,4108.5,18841988,3500.0,4222.5165,4246.5624,4800.0,NFLX,0,Pesos,4253.0,3.76,48hs,4457
0.0,37,6,,0.0,,,No,,0.0,0.0,0,14.35,0.0,0.0,16.7,NFLXD,0,Du00f3lar efectivo,0.0,0.0,48hs,0
0.0,1410,1410,,0.0,BANCO COMAFI S.A.,,No,,0.0,0.0,0,5675.5,0.0,0.0,5711.0,NG,0,Pesos,0.0,0.0,48hs,0
7287.0,12,910,4,7572.0,BANCO COMAFI S.A.,,No,17:00:01,7304.0,7287.0,36454,6960.0,7291.75,7293.6429,7293.0,NGG,1,Pesos,7304.0,-3.54,48hs,5
975.0,1,15,139,979.0,BANCO COMAFI S.A.,,No,17:00:02,993.5,958.0,8546259,930.0,976.4281,981.288,1100.0,NIO,-1,Pesos,985.0,0.61,48hs,8737
0.0,3,0,,0.0,,,No,,0.0,0.0,0,3.0,0.0,0.0,0.0,NIOD,0,Du00f3lar efectivo,0.0,0.0,48hs,0
9032.5,2,1,42,8932.5,BANCO COMAFI S.A.,,No,17:00:01,9114.5,8956.0,2882911,9051.0,9042.369,9054.4895,9300.0,NKE,1,Pesos,9090.5,1.77,48hs,319
30.8,2,5,3,31.95,,,No,17:00:02,31.25,30.8,93,30.75,31.0833,31.15,40.9,NKED,-1,Du00f3lar efectivo,31.2,-2.35,48hs,3
990.0,1,8370,1,1050.5,BANCO COMAFI S.A.,,No,17:00:01,990.0,990.0,4950,950.0,990.0,990.0,1002.5,NMR,0,Pesos,990.0,-5.76,48hs,5
1332.5,45,64,11,1340.0,BANCO COMAFI S.A.,,No,17:00:01,1348.5,1332.5,136541,1343.0,1340.0,1341.5122,1479.0,NOKA,0,Pesos,1348.0,0.6,48hs,102
1530.0,44,58,16,1534.0,BANCO COMAFI S.A.,,No,17:00:02,1537.0,1492.5,1534695,1460.0,1517.6875,1520.825,1780.0,NTCO,-1,Pesos,1526.0,-0.52,48hs,1009
1578.0,2,4,5,1595.0,BANCO COMAFI S.A.,,No,17:00:02,1586.0,1568.0,235115,1575.0,1578.2,1578.8415,2426.0,NTES,1,Pesos,1586.0,-0.56,48hs,149
18273.5,570,2,6,18424.5,BANCO COMAFI S.A.,,No,17:00:02,18418.0,18273.5,570649,18336.0,18366.5833,18397.0992,19300.0,NUE,0,Pesos,18393.5,-0.17,48hs,31
1471.0,10,7,313,1471.5,BANCO COMAFI S.A.,,No,17:00:02,1490.0,1450.0,11259252,1445.0,1470.4058,1474.4102,1720.0,NVDA,-1,Pesos,1472.5,0.07,48hs,7662
5.15,9,132,10,5.15,,,No,17:00:02,5.15,4.95,689,5.04,5.072,5.0802,7.9,NVDAD,0,Du00f3lar efectivo,5.04,-2.14,48hs,137
5826.5,1410,1410,4,5824.5,BANCO COMAFI S.A.,,No,17:00:01,5826.5,5802.0,40716,5786.0,5811.875,5811.2895,5810.5,NVS,1,Pesos,5816.0,-0.15,48hs,7
0.0,4,54,,0.0,,,No,,0.0,0.0,0,18.9,0.0,0.0,22.0,NVSD,0,Du00f3lar efectivo,0.0,0.0,48hs,0
0.0,1411,1130,,0.0,BANCO COMAFI S.A.,,No,,0.0,0.0,0,2707.0,0.0,0.0,2742.0,ORAN,0,Pesos,0.0,0.0,48hs,0
6490.0,1300,2,5,6385.5,BANCO COMAFI S.A.,,No,17:00:01,6536.0,6469.5,201122,6533.5,6497.1,6501.5287,7213.0,ORCL,1,Pesos,6536.0,2.36,48hs,31
0.0,234,39,,0.0,,,No,,0.0,0.0,0,22.1,0.0,0.0,22.4,ORCLD,0,Du00f3lar efectivo,0.0,0.0,48hs,0
3890.5,9,7,48,3918.0,Caja de Valores S.A.,,No,17:00:02,4050.0,3848.5,2659611,3300.0,3962.5417,4002.6575,4259.0,OXY,-1,Pesos,4010.0,2.35,48hs,667
0.0,20,5,,0.0,,,No,,0.0,0.0,0,12.4,0.0,0.0,13.8,OXYD,0,Du00f3lar efectivo,0.0,0.0,48hs,0
1631.5,33,8,34,1608.5,BANCO COMAFI S.A.,,No,17:00:02,1659.5,1612.5,429889,1305.0,1640.25,1647.9895,2000.0,PAAS,0,Pesos,1655.0,2.89,48hs,261
0.0,120,2,,0.0,,,No,,0.0,0.0,0,5.4,0.0,0.0,10.25,PAASD,0,Du00f3lar efectivo,0.0,0.0,48hs,0
0.0,2,420,,0.0,BANCO COMAFI S.A.,,No,,0.0,0.0,0,20636.0,0.0,0.0,21241.0,PAC,0,Pesos,0.0,0.0,48hs,0
946.0,1,3,8,968.0,Caja de Valores S.A.,,No,17:00:02,963.0,946.0,262826,948.0,957.8125,960.7753,1000.0,PANW,0,Pesos,962.0,-0.62,48hs,274
0.0,1600,0,,0.0,,,No,,0.0,0.0,0,3.2,0.0,0.0,0.0,PANWD,0,Du00f3lar efectivo,0.0,0.0,48hs,0
840.5,24,2,9,828.0,BANCO COMAFI S.A.,,No,17:00:01,863.0,840.5,174966,848.5,853.5556,855.2421,900.0,PBI,-1,Pesos,855.0,3.26,48hs,207
4284.5,14,17,254,4284.5,BANCO COMAFI S.A.,,No,17:00:02,4300.5,4205.0,45862744,3700.0,4258.3091,4261.7178,4458.5,PBR,-1,Pesos,4258.0,-0.62,48hs,10785
14.5,2,20,19,14.95,,,No,17:00:02,14.6,14.3,2716,13.0,14.5526,14.5796,16.0,PBRD,0,Du00f3lar efectivo,14.6,-2.34,48hs,187
9130.0,1090,2,6,9071.5,BANCO COMAFI S.A.,,No,17:00:01,9130.0,9100.0,319100,9073.0,9120.0,9109.5876,9875.0,PCAR,0,Pesos,9100.0,0.31,48hs,35
8615.0,16,10,76,8293.5,BANCO COMAFI S.A.,,No,17:00:01,8715.0,8596.5,7451837,8682.0,8676.9803,8677.4613,9000.5,PEP,-1,Pesos,8685.5,4.73,48hs,858
0.0,174,0,,0.0,,,No,,0.0,0.0,0,29.45,0.0,0.0,0.0,PEPD,0,Du00f3lar efectivo,0.0,0.0,48hs,0
6501.0,155,1,131,6400.5,BANCO COMAFI S.A.,,No,17:00:01,6622.0,6472.0,56143502,6448.5,6508.0229,6497.8556,8860.0,PFE,-1,Pesos,6493.0,1.45,48hs,8643
22.4,1,10,4,22.4,,,No,17:00:02,22.4,22.0,7593,22.0,22.2625,22.1456,25.0,PFED,-1,Du00f3lar efectivo,22.0,-1.79,48hs,341
7700.0,1,7,202,7608.0,BANCO COMAFI S.A.,,No,17:00:01,7738.5,7646.0,54188491,7400.0,7687.4158,7692.8016,8000.0,PG,-1,Pesos,7660.0,0.68,48hs,7049
26.3,4,1,4,26.45,,,No,17:00:02,26.35,26.05,1130,25.15,26.25,26.1807,28.0,PGD,-1,Du00f3lar efectivo,26.05,-1.51,48hs,43
820.0,5,50,60,909.0,BANCO COMAFI S.A.,,No,17:00:01,820.0,793.0,1181645,805.0,810.95,812.4646,890.0,PHG,1,Pesos,814.0,-10.45,48hs,1455
4132.0,2,8,17,4071.5,BANCO COMAFI S.A.,,No,17:00:01,4255.5,4132.0,617002,4235.5,4223.8824,4241.8661,4250.0,PKS,0,Pesos,4250.0,4.38,48hs,146
4667.0,2120,1,3,4626.5,BANCO COMAFI S.A.,,No,17:00:02,4789.0,4667.0,225042,4761.0,4744.3333,4748.8636,4811.5,PSX,1,Pesos,4789.0,3.51,48hs,48
3158.5,1,23,120,3161.5,BANCO COMAFI S.A.,,No,17:00:02,3265.0,3158.5,10202841,3050.0,3214.775,3229.2782,3600.0,PYPL,0,Pesos,3225.5,2.02,48hs,3178
11.1,2,6,6,11.1,,,No,17:00:02,11.45,11.0,438,10.95,11.1833,11.2775,12.9,PYPLD,1,Du00f3lar efectivo,11.25,1.35,48hs,39
3029.5,10,2,94,3050.5,BANCO COMAFI S.A.,,No,17:00:01,3092.0,3020.0,15393757,2900.0,3046.734,3047.8896,3095.0,QCOM,0,Pesos,3038.0,-0.41,48hs,5069
10.5,12,1,11,12.4,,,No,17:00:02,11.0,10.5,427,10.5,10.6864,10.8098,16.0,QCOMD,0,Du00f3lar efectivo,11.0,-11.29,48hs,40
4015.0,1,2,316,4015.0,Caja de Valores S.A.,,No,17:01:41,4150.0,4015.0,47224057,3990.0,4047.0237,4052.5178,4800.0,QQQ,-1,Pesos,4055.0,1.0,48hs,11671
13.75,3,40,23,13.45,,,No,17:00:02,14.1,13.7,1950,13.7,13.8804,13.8794,20.0,QQQD,-1,Du00f3lar efectivo,13.9,3.35,48hs,140
5410.5,1,13,40,5223.5,Caja de Valores S.A.,,No,17:00:02,5782.5,5410.5,12263089,5597.0,5626.15,5650.3732,6110.0,RBLX,1,Pesos,5759.5,10.26,48hs,2240
0.0,550,0,,0.0,,,No,,0.0,0.0,0,19.05,0.0,0.0,0.0,RBLXD,0,Du00f3lar efectivo,0.0,0.0,48hs,0
4296.5,192,1,78,4287.5,BANCO COMAFI S.A.,,No,17:00:02,4297.5,4232.0,30422913,4140.0,4257.859,4266.0112,4936.0,RIO,-1,Pesos,4262.5,-0.58,48hs,7168
0.0,8,1,,0.0,,,No,,0.0,0.0,0,13.85,0.0,0.0,16.9,RIOD,0,Du00f3lar efectivo,0.0,0.0,48hs,0
0.0,580,1670,,0.0,BANCO COMAFI S.A.,,No,,0.0,0.0,0,6443.0,0.0,0.0,6515.0,ROST,0,Pesos,0.0,0.0,48hs,0
5252.0,1620,1620,5,5252.0,BANCO COMAFI S.A.,,No,17:00:02,5252.0,5133.5,133709,5102.5,5165.6,5146.0316,5127.5,RTX,0,Pesos,5150.0,-1.94,48hs,26
2848.0,1,6,2,2950.0,BANCO COMAFI S.A.,,No,17:00:02,2865.0,2848.0,5713,2110.0,2856.5,2859.3333,3570.0,SAN,1,Pesos,2865.0,-2.88,48hs,2
4227.5,900,10,5,4311.5,BANCO COMAFI S.A.,,No,17:00:02,4230.0,4212.0,307970,4193.0,4222.9,4223.2771,4900.0,SAP,1,Pesos,4230.0,-1.89,48hs,73
0.0,360,0,,0.0,,,No,,0.0,0.0,0,14.4,0.0,0.0,0.0,SAPD,0,Du00f3lar efectivo,0.0,0.0,48hs,0
1411.5,4,18,40,1432.0,Caja de Valores S.A.,,No,17:00:02,1497.0,1400.0,1139001,1455.0,1460.4,1471.1227,1468.0,SATL,0,Pesos,1468.0,2.51,48hs,799
0.0,577,1900,,0.0,BANCO COMAFI S.A.,,No,,0.0,0.0,0,6438.0,0.0,0.0,6530.0,SBS,0,Pesos,0.0,0.0,48hs,0
6615.5,1,4,33,6587.5,BANCO COMAFI S.A.,,No,17:00:02,6747.5,6615.5,5375869,6686.0,6716.0,6726.1656,7825.0,SBUX,-1,Pesos,6713.5,1.91,48hs,798
0.0,228,0,,0.0,,,No,,0.0,0.0,0,22.75,0.0,0.0,0.0,SBUXD,0,Du00f3lar efectivo,0.0,0.0,48hs,0
7198.5,1,2,7,7230.0,BANCO COMAFI S.A.,,No,17:00:02,7436.0,7198.5,5780620,30.0,7328.8571,7332.7516,7804.0,SCCO,1,Pesos,7408.0,2.46,48hs,800
553.5,4,17,33,545.0,BANCO COMAFI S.A.,,No,17:00:02,558.0,532.5,115313,530.0,546.1364,547.2998,600.0,SE,1,Pesos,557.5,2.29,48hs,211
0.0,2784,0,,0.0,,,No,,0.0,0.0,0,1.84,0.0,0.0,0.0,SED,0,Du00f3lar efectivo,0.0,0.0,48hs,0
7621.5,2,2,39,7704.5,BANCO COMAFI S.A.,,No,17:00:02,7773.5,7621.5,2573503,7700.0,7715.3718,7732.1763,8245.0,SHEL,-1,Pesos,7772.0,0.88,48hs,334
26.8,4,20,2,29.0,,,No,17:00:02,27.7,26.8,163,26.4,27.25,27.4,27.75,SHELD,1,Du00f3lar efectivo,27.7,-4.48,48hs,6
74.9,104,3600,541,73.9,BANCO COMAFI S.A.,,No,17:00:02,76.4,72.8,4348629,74.4,74.4246,74.6238,87.5,SHOP,0,Pesos,74.8,1.22,48hs,58730
0.242,1,434,3,0.27,,,No,17:00:02,0.26,0.242,5,0.2,0.2513,0.2526,0.5,SHOPD,1,Du00f3lar efectivo,0.26,-3.7,48hs,22
1973.0,1890,17,30,2019.0,Caja de Valores S.A.,,No,17:00:02,2078.5,1954.5,190604,2028.0,2018.0833,2034.3446,2373.0,SI,1,Pesos,2044.0,1.24,48hs,94
0.0,740,0,,0.0,,,No,,0.0,0.0,0,6.94,0.0,0.0,0.0,SI.D,0,Du00f3lar efectivo,0.0,0.0,48hs,0
6427.0,1210,1210,5,6576.0,BANCO COMAFI S.A.,,No,17:00:02,6427.0,6300.0,2346513,6407.5,6392.3,6411.2764,6470.0,SID,0,Pesos,6411.5,-2.5,48hs,366
4300.0,1,2470,13,4253.5,BANCO COMAFI S.A.,,No,17:00:02,4334.0,4300.0,341212,4214.0,4321.7692,4322.4043,4319.5,SLB,-1,Pesos,4320.5,1.58,48hs,79
0.0,354,0,,0.0,,,No,,0.0,0.0,0,14.65,0.0,0.0,0.0,SLBD,0,Du00f3lar efectivo,0.0,0.0,48hs,0
10709.5,360,5,1,11000.0,BANCO COMAFI S.A.,,No,17:00:02,10709.5,10709.5,10709,10506.0,10709.5,10709.5,11500.0,SNA,0,Pesos,10709.5,-2.64,48hs,1
3140.0,2,4,13,3104.0,BANCO COMAFI S.A.,,No,17:00:02,3220.0,3064.0,610471,2850.0,3145.6154,3173.3835,4000.0,SNAP,-1,Pesos,3217.5,3.66,48hs,195
1580.0,5,7,26,1572.0,BANCO COMAFI S.A.,,No,17:00:02,1635.0,1534.5,582287,1490.0,1593.6154,1607.7979,2639.0,SNOW,-1,Pesos,1627.5,3.53,48hs,363
0.0,19,0,,0.0,,,No,,0.0,0.0,0,5.26,0.0,0.0,0.0,SNOWD,0,Du00f3lar efectivo,0.0,0.0,48hs,0
4885.0,2,81,20,4927.5,BANCO COMAFI S.A.,,No,17:00:02,4899.5,4858.5,272516,4848.0,4870.0,4867.2213,7425.0,SONY,0,Pesos,4865.0,-1.27,48hs,56
0.0,14,8,,0.0,,,No,,0.0,0.0,0,16.0,0.0,0.0,21.9,SONYD,0,Du00f3lar efectivo,0.0,0.0,48hs,0
1988.5,1,4040,11,2011.0,BANCO COMAFI S.A.,,No,17:00:02,2014.0,1987.0,179603,1990.0,1997.0,2003.3043,2001.0,SPGI,1,Pesos,2003.0,-0.4,48hs,90
0.0,765,0,,0.0,,,No,,0.0,0.0,0,6.78,0.0,0.0,0.0,SPGID,0,Du00f3lar efectivo,0.0,0.0,48hs,0
887.0,80,75,146,891.0,BANCO COMAFI S.A.,,No,17:00:02,933.0,886.5,25902162,892.0,907.3733,899.8162,1200.0,SPOT,1,Pesos,905.5,1.63,48hs,28806
0.0,3,14,,0.0,,,No,,0.0,0.0,0,3.0,0.0,0.0,9.0,SPOTD,0,Du00f3lar efectivo,0.0,0.0,48hs,0
5470.0,1,5,1012,5487.0,Caja de Valores S.A.,,No,17:00:02,5599.5,5463.0,233963039,5480.0,5501.0529,5502.6078,5980.0,SPY,1,Pesos,5498.5,0.21,48hs,42530
18.75,49,10,42,19.15,,,No,17:00:02,19.0,18.55,31037,18.5,18.8619,18.8147,21.0,SPYD,0,Du00f3lar efectivo,18.9,-1.31,48hs,1642
810.5,4,16,106,819.0,BANCO COMAFI S.A.,,No,17:00:02,870.0,799.5,3174930,745.0,841.9481,851.8806,1100.0,SQ,0,Pesos,860.5,5.07,48hs,3796
0.0,20,2,,0.0,,,No,,0.0,0.0,0,2.64,0.0,0.0,4.12,SQD,0,Du00f3lar efectivo,0.0,0.0,48hs,0
2758.0,1395,1,2,2795.5,BANCO COMAFI S.A.,,No,17:00:02,2758.0,2750.0,159916,2716.0,2754.0,2753.7818,2880.0,SUZ,-1,Pesos,2750.0,-1.63,48hs,58
0.0,700,700,,0.0,BANCO COMAFI S.A.,,No,,0.0,0.0,0,11226.5,0.0,0.0,11262.0,SYY,0,Pesos,0.0,0.0,48hs,0
1522.0,4,12,95,1509.5,BANCO COMAFI S.A.,,No,17:00:02,1529.5,1500.0,912375,1489.0,1512.8789,1510.8557,1611.0,T,-1,Pesos,1506.5,-0.2,48hs,603
3684.0,1,2150,1,3593.0,BANCO COMAFI S.A.,,No,17:00:02,3684.0,3684.0,14736,3200.0,3684.0,3684.0,3683.5,TCOM,0,Pesos,3684.0,2.53,48hs,4
5.3,5,10,5,5.3,,,No,17:00:02,5.44,5.2,570,5.0,5.308,5.3023,6.5,TD,-1,Du00f3lar efectivo,5.2,-1.89,48hs,107
124.0,69,76,17,123.5,BANCO COMAFI S.A.,,No,17:00:02,124.0,120.0,20314,120.0,122.0147,122.5119,140.0,TEFO,1,Pesos,123.0,-0.4,48hs,166
8480.0,12,500,50,8496.0,BANCO COMAFI S.A.,,No,17:00:02,8480.0,8209.0,6763687,8285.0,8286.6,8305.4958,9300.0,TEN,0,Pesos,8316.0,-2.12,48hs,816
0.0,300,20,,0.0,,,No,,0.0,0.0,0,28.0,0.0,0.0,29.45,TEND,0,Du00f3lar efectivo,0.0,0.0,48hs,0
12027.0,850,850,6,11781.0,BANCO COMAFI S.A.,,No,17:00:02,12027.0,12019.5,5481116,11854.0,12023.5,12022.9012,11889.5,TGT,0,Pesos,12025.0,2.07,48hs,456
0.0,34,2520,,0.0,BANCO COMAFI S.A.,,No,,0.0,0.0,0,1.0,0.0,0.0,3523.5,TIMB,0,Pesos,0.0,0.0,48hs,0
8299.0,465,2,16,8298.5,BANCO COMAFI S.A.,,No,17:00:02,8364.5,8280.5,790876,8241.0,8334.25,8343.8432,9990.0,TM,-1,Pesos,8324.5,0.31,48hs,95
29.75,5,1,5,30.1,,,No,17:00:02,29.75,28.5,202,27.9,28.78,28.6476,33.9,TMD,-1,Du00f3lar efectivo,28.5,-5.32,48hs,7
7000.5,550,1240,3,6961.0,BANCO COMAFI S.A.,,No,17:00:02,7000.5,6962.0,83736,6941.0,6974.8333,6968.875,7028.0,TMO,0,Pesos,6978.0,0.24,48hs,12
3377.5,1,18,7,3370.0,BANCO COMAFI S.A.,,No,17:00:02,3502.5,3377.5,300165,2500.0,3456.0714,3487.2453,3720.0,TRIP,1,Pesos,3502.0,3.92,48hs,86
0.0,1080,1080,,0.0,BANCO COMAFI S.A.,,No,,0.0,0.0,0,8151.0,0.0,0.0,8184.0,TRVV,0,Pesos,0.0,0.0,48hs,0
0.0,186,0,,0.0,,,No,,0.0,0.0,0,27.85,0.0,0.0,0.0,TRVVD,0,Du00f3lar efectivo,0.0,0.0,48hs,0
4400.0,20,9,812,4418.0,BANCO COMAFI S.A.,,No,17:00:02,4493.0,4330.0,111974810,4248.0,4412.7131,4432.7841,4650.0,TSLA,1,Pesos,4455.5,0.85,48hs,25379
15.1,4,55,37,16.8,,,No,17:00:02,16.95,15.1,10031,14.3,15.8446,15.8319,19.6,TSLAD,0,Du00f3lar efectivo,15.3,-8.93,48hs,648
58313.0,1,5,56,58080.5,BANCO COMAFI S.A.,,No,17:00:02,59050.0,58313.0,26527297,58400.0,58707.7857,58804.519,69625.0,TSM,-1,Pesos,58998.5,1.58,48hs,452
58102.0,816,0,1,58500.0,,,No,17:00:02,58102.0,58102.0,47411232,58102.0,58102.0,58102.0,0.0,TSMB,0,Pesos,58102.0,-0.68,48hs,816
208.0,119,1,1,218.5,,,No,17:00:02,208.0,208.0,208,197.75,208.0,208.0,219.0,TSMD,0,Du00f3lar efectivo,208.0,-4.81,48hs,1
198.25,512,0,1,228.75,,,No,17:00:02,198.25,198.25,101504,198.25,198.25,198.25,0.0,TSMDB,0,Du00f3lar efectivo,198.25,-13.33,48hs,512
4965.0,1690,1690,11,4965.0,BANCO COMAFI S.A.,,No,17:00:02,4990.0,4947.0,2656978,4949.0,4958.2727,4966.3795,4972.5,TTE,-1,Pesos,4980.0,0.3,48hs,537
0.0,1150,6,,0.0,BANCO COMAFI S.A.,,No,,0.0,0.0,0,7274.0,0.0,0.0,8897.0,TTM,0,Pesos,0.0,0.0,48hs,0
0.0,10490,10490,,0.0,BANCO COMAFI S.A.,,No,,0.0,0.0,0,540.5,0.0,0.0,550.0,TV,0,Pesos,0.0,0.0,48hs,0
573.5,3,1,14,573.5,BANCO COMAFI S.A.,,No,17:00:02,579.0,556.0,136281,552.0,566.1071,568.7392,700.0,TWLO,1,Pesos,579.0,0.96,48hs,240
7686.0,1,30,36,7652.0,BANCO COMAFI S.A.,,No,17:00:02,7777.0,7646.5,1015727,7000.0,7695.1111,7690.8578,9000.0,TWTR,-1,Pesos,7685.5,0.44,48hs,132
26.25,1,2,6,26.25,,,No,17:00:02,26.65,26.15,366,26.0,26.25,26.1862,42.0,TWTRD,0,Du00f3lar efectivo,26.15,-0.38,48hs,14
9372.0,1,980,21,9356.5,BANCO COMAFI S.A.,,No,17:00:02,9413.0,9320.5,10197846,9300.0,9363.1429,9362.9258,9350.5,TXN,1,Pesos,9344.5,-0.13,48hs,1087
4389.5,5,20,52,4302.0,BANCO COMAFI S.A.,,No,17:00:02,4390.0,4274.0,3093410,4250.0,4344.3654,4363.4217,5600.0,TXR,0,Pesos,4380.0,1.81,48hs,710
0.0,8,6,,0.0,,,No,,0.0,0.0,0,13.95,0.0,0.0,17.5,TXRD,0,Du00f3lar efectivo,0.0,0.0,48hs,0
2107.0,1850,4200,4,2070.0,Caja de Valores S.A.,,No,17:00:02,2124.0,2098.0,29517,2086.5,2107.5,2108.3617,2116.0,UAL,1,Pesos,2124.0,2.61,48hs,14
0.0,725,0,,0.0,,,No,,0.0,0.0,0,7.16,0.0,0.0,0.0,UALD,0,Du00f3lar efectivo,0.0,0.0,48hs,0
3847.0,100,20,27,3774.5,Caja de Valores S.A.,,No,17:00:02,4015.0,3847.0,8378541,3800.0,3962.037,3972.3204,5053.0,UBER,1,Pesos,4015.0,6.37,48hs,2136
0.0,386,2,,0.0,,,No,,0.0,0.0,0,13.5,0.0,0.0,13.7,UBERD,0,Du00f3lar efectivo,0.0,0.0,48hs,0
709.0,1,40,5,739.5,BANCO COMAFI S.A.,,No,17:00:02,716.0,706.5,26189,710.0,712.5,713.5252,800.0,UGP,0,Pesos,716.0,-3.18,48hs,37
4448.0,1,10,17,4425.0,BANCO COMAFI S.A.,,No,17:00:02,4481.0,4437.0,735690,4445.0,4456.4706,4463.0778,5000.0,UL,0,Pesos,4472.0,1.06,48hs,165
4664.0,20,1,29,4620.0,BANCO COMAFI S.A.,,No,17:00:02,4716.0,4663.0,1431919,4050.0,4681.0517,4675.2166,4930.0,UNH,-1,Pesos,4674.5,1.18,48hs,306
0.0,6,0,,0.0,,,No,,0.0,0.0,0,15.2,0.0,0.0,0.0,UNHD,0,Du00f3lar efectivo,0.0,0.0,48hs,0
3013.0,1,50,11,2943.0,BANCO COMAFI S.A.,,No,17:00:02,3013.0,2960.0,204762,2949.0,2970.7727,2963.8235,3080.0,UNP,0,Pesos,2961.0,0.61,48hs,69
0.0,10,0,,0.0,,,No,,0.0,0.0,0,9.61,0.0,0.0,0.0,UNPD,0,Du00f3lar efectivo,0.0,0.0,48hs,0
1468.0,2,1299,64,1398.5,Caja de Valores S.A.,,No,17:00:02,1539.0,1452.0,3565470,1242.0,1505.3984,1512.2105,3000.0,UPST,-1,Pesos,1516.5,8.44,48hs,2384
0.0,2055,0,,0.0,,,No,,0.0,0.0,0,5.05,0.0,0.0,0.0,UPSTD,0,Du00f3lar efectivo,0.0,0.0,48hs,0
3344.0,3090,3090,4,3417.5,BANCO COMAFI S.A.,,No,17:00:02,3363.0,3340.0,60180,3339.5,3347.125,3348.6111,3354.0,URBN,1,Pesos,3363.0,-1.59,48hs,18
12091.5,322,650,2,11853.5,BANCO COMAFI S.A.,,No,17:00:02,12091.5,12075.0,193414,11930.0,12083.25,12082.3966,12066.0,USB,-1,Pesos,12075.0,1.87,48hs,16
9348.5,1,64,149,9114.0,BANCO COMAFI S.A.,,No,17:00:02,9348.5,9126.0,46769727,8675.0,9189.9564,9195.8719,9800.0,V,-1,Pesos,9148.5,0.38,48hs,5080
2082.5,20,257,238,2113.5,BANCO COMAFI S.A.,,No,17:00:02,2147.5,2082.5,58715897,2070.0,2099.9013,2102.9666,2305.0,VALE,-1,Pesos,2108.0,-0.26,48hs,28038
7.15,3,1,11,7.5,,,No,17:00:02,7.26,7.14,2998,6.0,7.18,7.1745,9.5,VALED,0,Du00f3lar efectivo,7.14,-4.8,48hs,419
31.6,3,8,7,33.0,,,No,17:00:02,31.65,31.0,689,30.6,31.2857,31.216,36.0,VD,-1,Du00f3lar efectivo,31.15,-5.61,48hs,22
17020.0,1,46,478,17014.0,BANCO COMAFI S.A.,,No,17:00:02,17320.0,16700.0,206000957,15000.0,17087.2803,17180.3945,20010.0,VIST,0,Pesos,17197.0,1.08,48hs,12042
57.7,4,2,57,56.4,,,No,17:00:02,59.4,56.1,28315,30.0,57.9737,57.9986,65.0,VISTD,-1,Du00f3lar efectivo,58.1,3.01,48hs,493
2360.0,1638,3400,3,2388.5,BANCO COMAFI S.A.,,No,17:00:02,2360.0,2314.0,20949,2292.0,2333.0,2326.0833,2322.0,VIV,1,Pesos,2325.0,-2.66,48hs,9
3397.5,1,1940,3,3459.5,BANCO COMAFI S.A.,,No,17:00:02,3429.0,3397.5,356500,3408.0,3411.5,3418.15,3418.0,VOD,-1,Pesos,3408.0,-1.49,48hs,104
0.0,1090,2,,0.0,BANCO COMAFI S.A.,,No,,0.0,0.0,0,8995.5,0.0,0.0,9897.0,VRSN,0,Pesos,0.0,0.0,48hs,0
5500.0,10,2,91,5508.0,BANCO COMAFI S.A.,,No,17:00:02,5585.0,5486.0,2668602,4890.0,5515.511,5507.6436,6700.0,VZ,-1,Pesos,5495.0,-0.24,48hs,484
19.0,1,5,6,19.0,,,No,17:00:02,19.0,18.85,322,18.3,18.9167,18.8907,23.5,VZD,0,Du00f3lar efectivo,18.85,-0.79,48hs,17
3350.0,1,4,30,3339.5,BANCO COMAFI S.A.,,No,17:00:02,3358.5,3280.0,598363,3250.0,3305.7667,3294.3512,3307.0,WBA,0,Pesos,3281.5,-1.74,48hs,181
11.25,465,15,1,11.9,,,No,17:00:02,11.25,11.25,45,11.15,11.25,11.25,12.8,WBAD,0,Du00f3lar efectivo,11.25,-5.46,48hs,4
0.0,5,7610,,0.0,BANCO COMAFI S.A.,,No,,0.0,0.0,0,500.0,0.0,0.0,710.5,WBO,0,Pesos,0.0,0.0,48hs,0
2480.5,2,1,41,2447.5,BANCO COMAFI S.A.,,No,17:00:02,2525.0,2480.5,837531,2485.0,2511.3293,2514.876,2830.0,WFC,1,Pesos,2495.0,1.94,48hs,333
8.5,13,4,1,8.82,,,No,17:00:02,8.5,8.5,8,8.119,8.5,8.5,9.85,WFCD,0,Du00f3lar efectivo,8.5,-3.63,48hs,1
6791.0,1,50,141,6754.5,BANCO COMAFI S.A.,,No,17:00:02,6902.0,6715.0,14129983,6590.0,6779.8404,6761.602,7250.0,WMT,0,Pesos,6730.0,-0.36,48hs,2083
0.0,30,26,,0.0,,,No,,0.0,0.0,0,23.0,0.0,0.0,25.0,WMTD,0,Du00f3lar efectivo,0.0,0.0,48hs,0
1943.5,1,1,128,1985.0,BANCO COMAFI S.A.,,No,17:00:02,1996.0,1915.0,7041158,1800.0,1959.3672,1972.5967,2200.0,X,1,Pesos,1992.0,0.35,48hs,3587
6.9,1,30,1,6.9,,,No,17:00:02,6.9,6.9,6,6.3,6.9,6.9,8.7,XD,0,Du00f3lar efectivo,6.9,0.0,48hs,1
12199.0,3,1,159,12199.0,Caja de Valores S.A.,,No,17:00:02,12431.0,12044.0,25069014,11712.0,12259.673,12321.7566,13176.0,XLE,1,Pesos,12367.0,1.38,48hs,2043
42.0,39,100,2,42.5,,,No,17:00:02,43.0,42.0,214,38.0,42.5,42.8333,45.5,XLED,1,Du00f3lar efectivo,43.0,1.18,48hs,5
4630.0,39,1,129,4636.5,Caja de Valores S.A.,,No,17:00:02,4717.0,4630.0,6630261,4630.0,4680.5039,4686.5744,5500.0,XLF,-1,Pesos,4661.0,0.53,48hs,1419
16.2,3,1,8,16.25,,,No,17:00:02,16.2,15.55,393,15.3,15.9688,15.811,16.149,XLFD,1,Du00f3lar efectivo,15.65,-3.69,48hs,25
5982.0,1,10,246,5982.0,BANCO COMAFI S.A.,,No,17:00:02,6097.0,5953.5,33763085,5640.0,6042.6972,6061.6943,6213.0,XOM,0,Pesos,6067.5,1.43,48hs,5581
20.7,24,7,9,21.05,,,No,17:00:02,20.8,20.5,600,20.5,20.7,20.6718,21.5,XOMD,-1,Du00f3lar efectivo,20.5,-2.61,48hs,29
1467.5,1,2770,3,1472.5,BANCO COMAFI S.A.,,No,17:00:02,1472.5,1460.5,168746,1445.5,1466.8333,1466.7751,1475.5,XP,-1,Pesos,1460.5,-0.81,48hs,115
0.0,1044,4,,0.0,,,No,,0.0,0.0,0,4.96,0.0,0.0,5.05,XPD,0,Du00f3lar efectivo,0.0,0.0,48hs,0
4350.0,920,2,6,4180.0,BANCO COMAFI S.A.,,No,17:00:02,4400.0,4350.0,446010,4366.0,4369.25,4382.5673,4839.0,XROX,0,Pesos,4400.0,5.26,48hs,102
0.0,718,2140,,0.0,BANCO COMAFI S.A.,,No,,0.0,0.0,0,5287.0,0.0,0.0,5354.0,YELP,0,Pesos,0.0,0.0,48hs,0
1543.5,41,10,42,1495.5,BANCO COMAFI S.A.,,No,17:00:02,1554.0,1500.0,1132223,1488.0,1529.7857,1537.402,2000.0,YY,-1,Pesos,1529.5,2.27,48hs,740
0.0,0,1,,0.0,,,No,,0.0,0.0,0,0.0,0.0,0.0,7.0,YYD,0,Du00f3lar efectivo,0.0,0.0,48hs,0
480.5,1,25,105,476.0,BANCO COMAFI S.A.,,No,17:00:02,499.5,480.5,1337241,450.0,491.4429,492.9174,520.0,ZM,-1,Pesos,489.5,2.84,48hs,2725
0.0,30,3,,0.0,,,No,,0.0,0.0,0,1.61,0.0,0.0,2.6,ZMD,0,Du00f3lar efectivo,0.0,0.0,48hs,0
